from,to
tools/analysis-toolbox/multiple-ring-buffer,tools/data-management-toolbox/project
tools/analysis-toolbox/multiple-ring-buffer,tools/editing-toolbox/densify
tools/analysis-toolbox/near,tools/analysis-toolbox/generate-near-table
tools/analysis-toolbox/near,tools/analysis-toolbox/spatial-join
tools/analysis-toolbox/near,tools/analysis-toolbox/point-distance
tools/analysis-toolbox/generate-near-table,tools/analysis-toolbox/near
tools/analysis-toolbox/generate-near-table,tools/analysis-toolbox/spatial-join
tools/analysis-toolbox/generate-near-table,tools/analysis-toolbox/point-distance
tools/analysis-toolbox/spatial-join,tools/analysis-toolbox/near
tools/analysis-toolbox/spatial-join,tools/analysis-toolbox/generate-near-table
tools/analysis-toolbox/spatial-join,tools/analysis-toolbox/point-distance
tools/analysis-toolbox/identity,tools/data-management-toolbox/make-feature-layer
tools/analysis-toolbox/intersect,tools/analysis-toolbox/erase
tools/analysis-toolbox/intersect,tools/analysis-toolbox/identity
tools/analysis-toolbox/intersect,tools/analysis-toolbox/update
tools/analysis-toolbox/intersect,tools/analysis-toolbox/clip
tools/analysis-toolbox/intersect,tools/analysis-toolbox/split
tools/analysis-toolbox/intersect,tools/analysis-toolbox/union
tools/data-management-toolbox/get-count,tools/data-management-toolbox/copy-features
tools/data-management-toolbox/project,tools/data-management-toolbox/make-feature-layer
tools/spatial-analyst-toolbox/zonal-statistics-as-table,tools/data-management-toolbox/make-feature-layer
tools/spatial-analyst-toolbox/zonal-geometry-as-table,tools/data-management-toolbox/make-feature-layer
tools/spatial-analyst-toolbox/zonal-geometry,tools/data-management-toolbox/make-feature-layer
tools/data-management-toolbox/create-random-points,tools/data-management-toolbox/make-feature-layer
tools/spatial-analyst-toolbox/tabulate-area,tools/data-management-toolbox/make-feature-layer
tools/spatial-analyst-toolbox/zonal-statistics,tools/data-management-toolbox/make-feature-layer
tools/data-management-toolbox/select-layer-by-location,tools/data-management-toolbox/make-feature-layer
tools/data-management-toolbox/select-layer-by-location,tools/data-management-toolbox/copy-features
tools/data-management-toolbox/select-layer-by-location,tools/analysis-toolbox/select
tools/data-management-toolbox/export-topology-errors,tools/analysis-toolbox/select
tools/analysis-toolbox/erase,tools/data-management-toolbox/save-to-layer-file
tools/analysis-toolbox/erase,tools/data-management-toolbox/copy-features
tools/data-management-toolbox/calculate-field,tools/data-management-toolbox/save-to-layer-file
tools/data-management-toolbox/calculate-field,tools/data-management-toolbox/copy-features
tools/analysis-toolbox/identity,tools/data-management-toolbox/save-to-layer-file
tools/analysis-toolbox/identity,tools/data-management-toolbox/copy-features
tools/analysis-toolbox/intersect,tools/data-management-toolbox/save-to-layer-file
tools/analysis-toolbox/intersect,tools/data-management-toolbox/copy-features
tools/analysis-toolbox/clip,tools/data-management-toolbox/save-to-layer-file
tools/analysis-toolbox/clip,tools/data-management-toolbox/copy-features
tools/data-management-toolbox/save-to-layer-file,tools/data-management-toolbox/copy-features
tools/analysis-toolbox/update,tools/data-management-toolbox/save-to-layer-file
tools/analysis-toolbox/update,tools/data-management-toolbox/copy-features
tools/analysis-toolbox/split,tools/data-management-toolbox/save-to-layer-file
tools/analysis-toolbox/split,tools/data-management-toolbox/copy-features
tools/data-management-toolbox/dice,tools/data-management-toolbox/save-to-layer-file
tools/data-management-toolbox/dice,tools/data-management-toolbox/copy-features
tools/analysis-toolbox/union,tools/data-management-toolbox/save-to-layer-file
tools/analysis-toolbox/union,tools/data-management-toolbox/copy-features
tools/data-management-toolbox/select-layer-by-location,tools/data-management-toolbox/save-to-layer-file
tools/analysis-toolbox/near,tools/data-management-toolbox/copy-features
tools/analysis-toolbox/generate-near-table,tools/data-management-toolbox/copy-features
tools/analysis-toolbox/buffer,tools/data-management-toolbox/copy-features
tools/analysis-toolbox/buffer,tools/analysis-toolbox/union
tools/network-analyst-toolbox/make-route-layer,tools/data-management-toolbox/make-feature-layer
tools/network-analyst-toolbox/make-closest-facility-layer,tools/data-management-toolbox/make-feature-layer
tools/network-analyst-toolbox/make-service-area-layer,tools/data-management-toolbox/make-feature-layer
tools/network-analyst-toolbox/make-location-allocation-layer,tools/data-management-toolbox/make-feature-layer
tools/network-analyst-toolbox/make-vehicle-routing-problem-layer,tools/data-management-toolbox/make-feature-layer
tools/analysis-toolbox/spatial-join,tools/data-management-toolbox/select-layer-by-location
tools/data-management-toolbox/select-layer-by-location,tools/analysis-toolbox/spatial-join
tools/data-management-toolbox/select-layer-by-location,tools/data-management-toolbox/get-count
tools/data-management-toolbox/export-topology-errors,tools/data-management-toolbox/get-count
tools/data-management-toolbox/export-topology-errors,tools/data-management-toolbox/make-feature-layer
tools/data-management-toolbox/select-layer-by-location,tools/analysis-toolbox/buffer
tools/data-management-toolbox/save-to-layer-file,tools/analysis-toolbox/buffer
tools/data-management-toolbox/make-feature-layer,tools/data-management-toolbox/save-to-layer-file
tools/data-management-toolbox/make-feature-layer,tools/analysis-toolbox/buffer
tools/geocoding-toolbox/rebuild-address-locator,tools/geocoding-toolbox/create-composite-address-locator
tools/geocoding-toolbox/rebuild-address-locator,tools/geocoding-toolbox/create-address-locator
tools/network-analyst-toolbox/make-closest-facility-layer,tools/network-analyst-toolbox/find-closest-facilities
tools/network-analyst-toolbox/find-closest-facilities,tools/network-analyst-toolbox/make-closest-facility-layer
tools/network-analyst-toolbox/generate-service-areas,tools/network-analyst-toolbox/make-service-area-layer
tools/network-analyst-toolbox/make-service-area-layer,tools/network-analyst-toolbox/generate-service-areas
tools/network-analyst-toolbox/make-closest-facility-layer,tools/network-analyst-toolbox/add-locations
tools/network-analyst-toolbox/make-closest-facility-layer,tools/network-analyst-toolbox/solve
tools/network-analyst-toolbox/make-closest-facility-layer,tools/data-management-toolbox/save-to-layer-file
tools/network-analyst-toolbox/find-closest-facilities,tools/network-analyst-toolbox/add-locations
tools/network-analyst-toolbox/find-closest-facilities,tools/network-analyst-toolbox/solve
tools/network-analyst-toolbox/find-closest-facilities,tools/data-management-toolbox/save-to-layer-file
tools/network-analyst-toolbox/generate-service-areas,tools/network-analyst-toolbox/solve
tools/network-analyst-toolbox/generate-service-areas,tools/network-analyst-toolbox/add-locations
tools/network-analyst-toolbox/generate-service-areas,tools/data-management-toolbox/save-to-layer-file
tools/network-analyst-toolbox/make-service-area-layer,tools/network-analyst-toolbox/solve
tools/network-analyst-toolbox/make-service-area-layer,tools/network-analyst-toolbox/add-locations
tools/network-analyst-toolbox/make-service-area-layer,tools/data-management-toolbox/save-to-layer-file
tools/network-analyst-toolbox/make-vehicle-routing-problem-layer,tools/network-analyst-toolbox/solve
tools/network-analyst-toolbox/make-vehicle-routing-problem-layer,tools/data-management-toolbox/save-to-layer-file
tools/network-analyst-toolbox/make-vehicle-routing-problem-layer,tools/network-analyst-toolbox/add-locations
tools/spatial-analyst-toolbox/aggregate,tools/spatial-analyst-toolbox/block-statistics
tools/spatial-analyst-toolbox/aggregate,tools/spatial-analyst-toolbox/reclassify
tools/spatial-analyst-toolbox/darcy-velocity,tools/spatial-analyst-toolbox/reclassify
tools/spatial-analyst-toolbox/aspect,tools/spatial-analyst-toolbox/reclassify
tools/spatial-analyst-toolbox/bitwise-and,tools/spatial-analyst-toolbox/reclassify
tools/spatial-analyst-toolbox/idw,tools/spatial-analyst-toolbox/reclassify
tools/spatial-analyst-toolbox/cut-fill,tools/spatial-analyst-toolbox/reclassify
tools/spatial-analyst-toolbox/spline,tools/spatial-analyst-toolbox/reclassify
tools/spatial-analyst-toolbox/bitwise-not,tools/spatial-analyst-toolbox/reclassify
tools/spatial-analyst-toolbox/area-solar-radiation,tools/spatial-analyst-toolbox/reclassify
tools/spatial-analyst-toolbox/log2,tools/spatial-analyst-toolbox/reclassify
tools/spatial-analyst-toolbox/log10,tools/spatial-analyst-toolbox/reclassify
tools/spatial-analyst-toolbox/class-probability,tools/spatial-analyst-toolbox/reclassify
tools/spatial-analyst-toolbox/abs,tools/spatial-analyst-toolbox/reclassify
tools/spatial-analyst-toolbox/combinatorial-and,tools/spatial-analyst-toolbox/reclassify
tools/spatial-analyst-toolbox/combinatorial-or,tools/spatial-analyst-toolbox/reclassify
tools/spatial-analyst-toolbox/boundary-clean,tools/spatial-analyst-toolbox/reclassify
tools/spatial-analyst-toolbox/darcy-flow,tools/spatial-analyst-toolbox/reclassify
tools/spatial-analyst-toolbox/region-group,tools/spatial-analyst-toolbox/reclassify
tools/spatial-analyst-toolbox/minus,tools/spatial-analyst-toolbox/reclassify
tools/spatial-analyst-toolbox/cost-distance,tools/spatial-analyst-toolbox/reclassify
tools/spatial-analyst-toolbox/highest-position,tools/spatial-analyst-toolbox/reclassify
tools/spatial-analyst-toolbox/tabulate-area,tools/spatial-analyst-toolbox/reclassify
tools/spatial-analyst-toolbox/tan,tools/spatial-analyst-toolbox/reclassify
tools/spatial-analyst-toolbox/fill,tools/spatial-analyst-toolbox/reclassify
tools/spatial-analyst-toolbox/nibble,tools/spatial-analyst-toolbox/reclassify
tools/spatial-analyst-toolbox/majority-filter,tools/spatial-analyst-toolbox/reclassify
tools/spatial-analyst-toolbox/compute-segment-attributes,tools/spatial-analyst-toolbox/reclassify
tools/spatial-analyst-toolbox/con-,tools/spatial-analyst-toolbox/reclassify
tools/spatial-analyst-toolbox/equal-to-frequency,tools/spatial-analyst-toolbox/reclassify
tools/spatial-analyst-toolbox/expand,tools/spatial-analyst-toolbox/reclassify
tools/spatial-analyst-toolbox/contour,tools/spatial-analyst-toolbox/reclassify
tools/spatial-analyst-toolbox/flow-length,tools/spatial-analyst-toolbox/reclassify
tools/spatial-analyst-toolbox/thin,tools/spatial-analyst-toolbox/reclassify
tools/spatial-analyst-toolbox/block-statistics,tools/spatial-analyst-toolbox/reclassify
tools/spatial-analyst-toolbox/focal-statistics,tools/spatial-analyst-toolbox/reclassify
tools/spatial-analyst-toolbox/topo-to-raster,tools/spatial-analyst-toolbox/reclassify
tools/spatial-analyst-toolbox/contour-with-barriers,tools/spatial-analyst-toolbox/reclassify
tools/spatial-analyst-toolbox/filter,tools/spatial-analyst-toolbox/reclassify
tools/spatial-analyst-toolbox/corridor,tools/spatial-analyst-toolbox/reclassify
tools/spatial-analyst-toolbox/cos,tools/spatial-analyst-toolbox/reclassify
tools/spatial-analyst-toolbox/snap-pour-point,tools/spatial-analyst-toolbox/reclassify
tools/spatial-analyst-toolbox/flow-accumulation,tools/spatial-analyst-toolbox/reclassify
tools/spatial-analyst-toolbox/cost-allocation,tools/spatial-analyst-toolbox/reclassify
tools/spatial-analyst-toolbox/spline-with-barriers,tools/spatial-analyst-toolbox/reclassify
tools/spatial-analyst-toolbox/rescale-by-function,tools/spatial-analyst-toolbox/reclassify
tools/spatial-analyst-toolbox/viewshed-2,tools/spatial-analyst-toolbox/reclassify
tools/spatial-analyst-toolbox/classify-raster,tools/spatial-analyst-toolbox/reclassify
tools/spatial-analyst-toolbox/cost-back-link,tools/spatial-analyst-toolbox/reclassify
tools/spatial-analyst-toolbox/greater-than-equal,tools/spatial-analyst-toolbox/reclassify
tools/spatial-analyst-toolbox/greater-than-frequency,tools/spatial-analyst-toolbox/reclassify
tools/spatial-analyst-toolbox/weighted-overlay,tools/spatial-analyst-toolbox/reclassify
tools/spatial-analyst-toolbox/combine,tools/spatial-analyst-toolbox/reclassify
tools/spatial-analyst-toolbox/weighted-sum,tools/spatial-analyst-toolbox/reclassify
tools/spatial-analyst-toolbox/mod,tools/spatial-analyst-toolbox/reclassify
tools/spatial-analyst-toolbox/create-normal-raster,tools/spatial-analyst-toolbox/reclassify
tools/spatial-analyst-toolbox/create-random-raster,tools/spatial-analyst-toolbox/reclassify
tools/spatial-analyst-toolbox/pick,tools/spatial-analyst-toolbox/reclassify
tools/spatial-analyst-toolbox/plus,tools/spatial-analyst-toolbox/reclassify
tools/spatial-analyst-toolbox/point-density,tools/spatial-analyst-toolbox/reclassify
tools/spatial-analyst-toolbox/divide,tools/spatial-analyst-toolbox/reclassify
tools/spatial-analyst-toolbox/edit-signatures,tools/spatial-analyst-toolbox/reclassify
tools/spatial-analyst-toolbox/cost-path,tools/spatial-analyst-toolbox/reclassify
tools/spatial-analyst-toolbox/observer-points,tools/spatial-analyst-toolbox/reclassify
tools/spatial-analyst-toolbox/create-constant-raster,tools/spatial-analyst-toolbox/reclassify
tools/spatial-analyst-toolbox/trend,tools/spatial-analyst-toolbox/reclassify
tools/spatial-analyst-toolbox/stream-to-feature,tools/spatial-analyst-toolbox/reclassify
tools/spatial-analyst-toolbox/contour-list,tools/spatial-analyst-toolbox/reclassify
tools/spatial-analyst-toolbox/create-signatures,tools/spatial-analyst-toolbox/reclassify
tools/spatial-analyst-toolbox/zonal-statistics,tools/spatial-analyst-toolbox/reclassify
tools/spatial-analyst-toolbox/principal-components,tools/spatial-analyst-toolbox/reclassify
tools/spatial-analyst-toolbox/boolean-not,tools/spatial-analyst-toolbox/reclassify
tools/spatial-analyst-toolbox/boolean-or,tools/spatial-analyst-toolbox/reclassify
tools/spatial-analyst-toolbox/rank,tools/spatial-analyst-toolbox/reclassify
tools/spatial-analyst-toolbox/solar-radiation-graphics,tools/spatial-analyst-toolbox/reclassify
tools/spatial-analyst-toolbox/exp2,tools/spatial-analyst-toolbox/reclassify
tools/spatial-analyst-toolbox/viewshed,tools/spatial-analyst-toolbox/reclassify
tools/spatial-analyst-toolbox/sin,tools/spatial-analyst-toolbox/reclassify
tools/spatial-analyst-toolbox/bitwise-or,tools/spatial-analyst-toolbox/reclassify
tools/spatial-analyst-toolbox/bitwise-right-shift,tools/spatial-analyst-toolbox/reclassify
tools/spatial-analyst-toolbox/visibility,tools/spatial-analyst-toolbox/reclassify
tools/spatial-analyst-toolbox/reclass-by-table,tools/spatial-analyst-toolbox/reclassify
tools/spatial-analyst-toolbox/lookup,tools/spatial-analyst-toolbox/reclassify
tools/spatial-analyst-toolbox/curvature,tools/spatial-analyst-toolbox/reclassify
tools/spatial-analyst-toolbox/segment-mean-shift,tools/spatial-analyst-toolbox/reclassify
tools/spatial-analyst-toolbox/stream-link,tools/spatial-analyst-toolbox/reclassify
tools/spatial-analyst-toolbox/basin,tools/spatial-analyst-toolbox/reclassify
tools/spatial-analyst-toolbox/stream-order,tools/spatial-analyst-toolbox/reclassify
tools/spatial-analyst-toolbox/bitwise-left-shift,tools/spatial-analyst-toolbox/reclassify
tools/spatial-analyst-toolbox/fuzzy-overlay,tools/spatial-analyst-toolbox/reclassify
tools/spatial-analyst-toolbox/zonal-geometry-as-table,tools/spatial-analyst-toolbox/reclassify
tools/spatial-analyst-toolbox/flow-direction,tools/spatial-analyst-toolbox/reclassify
tools/spatial-analyst-toolbox/diff,tools/spatial-analyst-toolbox/reclassify
tools/spatial-analyst-toolbox/int,tools/spatial-analyst-toolbox/reclassify
tools/spatial-analyst-toolbox/round-up,tools/spatial-analyst-toolbox/reclassify
tools/spatial-analyst-toolbox/test,tools/spatial-analyst-toolbox/reclassify
tools/spatial-analyst-toolbox/topo-to-raster-by-file,tools/spatial-analyst-toolbox/reclassify
tools/spatial-analyst-toolbox/points-solar-radiation,tools/spatial-analyst-toolbox/reclassify
tools/spatial-analyst-toolbox/path-distance,tools/spatial-analyst-toolbox/reclassify
tools/spatial-analyst-toolbox/popularity,tools/spatial-analyst-toolbox/reclassify
tools/spatial-analyst-toolbox/equal-to,tools/spatial-analyst-toolbox/reclassify
tools/spatial-analyst-toolbox/kriging,tools/spatial-analyst-toolbox/reclassify
tools/spatial-analyst-toolbox/kernel-density,tools/spatial-analyst-toolbox/reclassify
tools/spatial-analyst-toolbox/zonal-geometry,tools/spatial-analyst-toolbox/reclassify
tools/spatial-analyst-toolbox/power,tools/spatial-analyst-toolbox/reclassify
tools/spatial-analyst-toolbox/particle-track,tools/spatial-analyst-toolbox/reclassify
tools/spatial-analyst-toolbox/boolean-and,tools/spatial-analyst-toolbox/reclassify
tools/spatial-analyst-toolbox/slope,tools/spatial-analyst-toolbox/reclassify
tools/spatial-analyst-toolbox/exp10,tools/spatial-analyst-toolbox/reclassify
tools/spatial-analyst-toolbox/iso-cluster,tools/spatial-analyst-toolbox/reclassify
tools/spatial-analyst-toolbox/float,tools/spatial-analyst-toolbox/reclassify
tools/spatial-analyst-toolbox/iso-cluster-unsupervised-classification,tools/spatial-analyst-toolbox/reclassify
tools/spatial-analyst-toolbox/not-equal,tools/spatial-analyst-toolbox/reclassify
tools/spatial-analyst-toolbox/shrink,tools/spatial-analyst-toolbox/reclassify
tools/spatial-analyst-toolbox/round-down,tools/spatial-analyst-toolbox/reclassify
tools/spatial-analyst-toolbox/porous-puff,tools/spatial-analyst-toolbox/reclassify
tools/spatial-analyst-toolbox/cell-statistics,tools/spatial-analyst-toolbox/reclassify
tools/spatial-analyst-toolbox/exp,tools/spatial-analyst-toolbox/reclassify
tools/spatial-analyst-toolbox/fuzzy-membership,tools/spatial-analyst-toolbox/reclassify
tools/spatial-analyst-toolbox/lowest-position,tools/spatial-analyst-toolbox/reclassify
tools/spatial-analyst-toolbox/point-statistics,tools/spatial-analyst-toolbox/reclassify
tools/spatial-analyst-toolbox/line-density,tools/spatial-analyst-toolbox/reclassify
tools/spatial-analyst-toolbox/ln,tools/spatial-analyst-toolbox/reclassify
tools/spatial-analyst-toolbox/zonal-statistics-as-table,tools/spatial-analyst-toolbox/reclassify
tools/spatial-analyst-toolbox/set-null,tools/spatial-analyst-toolbox/reclassify
tools/spatial-analyst-toolbox/watershed,tools/spatial-analyst-toolbox/reclassify
tools/spatial-analyst-toolbox/less-than-frequency,tools/spatial-analyst-toolbox/reclassify
tools/spatial-analyst-toolbox/zonal-histogram,tools/spatial-analyst-toolbox/reclassify
tools/spatial-analyst-toolbox/natural-neighbor,tools/spatial-analyst-toolbox/reclassify
tools/spatial-analyst-toolbox/less-than-equal,tools/spatial-analyst-toolbox/reclassify
tools/spatial-analyst-toolbox/square-root,tools/spatial-analyst-toolbox/reclassify
tools/spatial-analyst-toolbox/negate,tools/spatial-analyst-toolbox/reclassify
tools/spatial-analyst-toolbox/greater-than,tools/spatial-analyst-toolbox/reclassify
tools/spatial-analyst-toolbox/zonal-fill,tools/spatial-analyst-toolbox/reclassify
tools/spatial-analyst-toolbox/focal-flow,tools/spatial-analyst-toolbox/reclassify
tools/spatial-analyst-toolbox/line-statistics,tools/spatial-analyst-toolbox/reclassify
tools/spatial-analyst-toolbox/times,tools/spatial-analyst-toolbox/reclassify
tools/spatial-analyst-toolbox/is-null,tools/spatial-analyst-toolbox/reclassify
tools/spatial-analyst-toolbox/square,tools/spatial-analyst-toolbox/reclassify
tools/spatial-analyst-toolbox/less-than,tools/spatial-analyst-toolbox/reclassify
tools/spatial-analyst-toolbox/over,tools/spatial-analyst-toolbox/reclassify
tools/spatial-analyst-toolbox/slice,tools/spatial-analyst-toolbox/reclassify
tools/spatial-analyst-toolbox/sink,tools/spatial-analyst-toolbox/reclassify
tools/spatial-analyst-toolbox/focal-statistics,tools/spatial-analyst-toolbox/block-statistics
tools/spatial-analyst-toolbox/block-statistics,tools/spatial-analyst-toolbox/focal-statistics
tools/spatial-analyst-toolbox/filter,tools/spatial-analyst-toolbox/focal-statistics
tools/spatial-analyst-toolbox/filter,tools/spatial-analyst-toolbox/block-statistics
tools/spatial-analyst-toolbox/natural-neighbor,tools/spatial-analyst-toolbox/idw
tools/spatial-analyst-toolbox/natural-neighbor,tools/spatial-analyst-toolbox/kriging
tools/spatial-analyst-toolbox/natural-neighbor,tools/spatial-analyst-toolbox/spline
tools/spatial-analyst-toolbox/natural-neighbor,tools/spatial-analyst-toolbox/spline-with-barriers
tools/spatial-analyst-toolbox/natural-neighbor,tools/spatial-analyst-toolbox/trend
tools/spatial-analyst-toolbox/natural-neighbor,tools/spatial-analyst-toolbox/topo-to-raster-by-file
tools/spatial-analyst-toolbox/natural-neighbor,tools/spatial-analyst-toolbox/topo-to-raster
tools/spatial-analyst-toolbox/trend,tools/spatial-analyst-toolbox/idw
tools/spatial-analyst-toolbox/trend,tools/spatial-analyst-toolbox/kriging
tools/spatial-analyst-toolbox/trend,tools/spatial-analyst-toolbox/spline
tools/spatial-analyst-toolbox/trend,tools/spatial-analyst-toolbox/spline-with-barriers
tools/spatial-analyst-toolbox/trend,tools/spatial-analyst-toolbox/natural-neighbor
tools/spatial-analyst-toolbox/trend,tools/spatial-analyst-toolbox/topo-to-raster-by-file
tools/spatial-analyst-toolbox/trend,tools/spatial-analyst-toolbox/topo-to-raster
tools/spatial-analyst-toolbox/kriging,tools/spatial-analyst-toolbox/idw
tools/spatial-analyst-toolbox/kriging,tools/spatial-analyst-toolbox/spline
tools/spatial-analyst-toolbox/kriging,tools/spatial-analyst-toolbox/spline-with-barriers
tools/spatial-analyst-toolbox/kriging,tools/spatial-analyst-toolbox/natural-neighbor
tools/spatial-analyst-toolbox/kriging,tools/spatial-analyst-toolbox/trend
tools/spatial-analyst-toolbox/kriging,tools/spatial-analyst-toolbox/topo-to-raster-by-file
tools/spatial-analyst-toolbox/kriging,tools/spatial-analyst-toolbox/topo-to-raster
tools/spatial-analyst-toolbox/topo-to-raster,tools/spatial-analyst-toolbox/idw
tools/spatial-analyst-toolbox/topo-to-raster,tools/spatial-analyst-toolbox/kriging
tools/spatial-analyst-toolbox/topo-to-raster,tools/spatial-analyst-toolbox/spline
tools/spatial-analyst-toolbox/topo-to-raster,tools/spatial-analyst-toolbox/spline-with-barriers
tools/spatial-analyst-toolbox/topo-to-raster,tools/spatial-analyst-toolbox/natural-neighbor
tools/spatial-analyst-toolbox/topo-to-raster,tools/spatial-analyst-toolbox/trend
tools/spatial-analyst-toolbox/topo-to-raster,tools/spatial-analyst-toolbox/topo-to-raster-by-file
tools/spatial-analyst-toolbox/spline-with-barriers,tools/spatial-analyst-toolbox/idw
tools/spatial-analyst-toolbox/spline-with-barriers,tools/spatial-analyst-toolbox/kriging
tools/spatial-analyst-toolbox/spline-with-barriers,tools/spatial-analyst-toolbox/spline
tools/spatial-analyst-toolbox/spline-with-barriers,tools/spatial-analyst-toolbox/natural-neighbor
tools/spatial-analyst-toolbox/spline-with-barriers,tools/spatial-analyst-toolbox/trend
tools/spatial-analyst-toolbox/spline-with-barriers,tools/spatial-analyst-toolbox/topo-to-raster-by-file
tools/spatial-analyst-toolbox/spline-with-barriers,tools/spatial-analyst-toolbox/topo-to-raster
tools/spatial-analyst-toolbox/spline,tools/spatial-analyst-toolbox/idw
tools/spatial-analyst-toolbox/spline,tools/spatial-analyst-toolbox/kriging
tools/spatial-analyst-toolbox/spline,tools/spatial-analyst-toolbox/spline-with-barriers
tools/spatial-analyst-toolbox/spline,tools/spatial-analyst-toolbox/natural-neighbor
tools/spatial-analyst-toolbox/spline,tools/spatial-analyst-toolbox/trend
tools/spatial-analyst-toolbox/spline,tools/spatial-analyst-toolbox/topo-to-raster-by-file
tools/spatial-analyst-toolbox/spline,tools/spatial-analyst-toolbox/topo-to-raster
tools/spatial-analyst-toolbox/idw,tools/spatial-analyst-toolbox/kriging
tools/spatial-analyst-toolbox/idw,tools/spatial-analyst-toolbox/spline
tools/spatial-analyst-toolbox/idw,tools/spatial-analyst-toolbox/spline-with-barriers
tools/spatial-analyst-toolbox/idw,tools/spatial-analyst-toolbox/natural-neighbor
tools/spatial-analyst-toolbox/idw,tools/spatial-analyst-toolbox/trend
tools/spatial-analyst-toolbox/idw,tools/spatial-analyst-toolbox/topo-to-raster-by-file
tools/spatial-analyst-toolbox/idw,tools/spatial-analyst-toolbox/topo-to-raster
tools/spatial-analyst-toolbox/topo-to-raster-by-file,tools/spatial-analyst-toolbox/idw
tools/spatial-analyst-toolbox/topo-to-raster-by-file,tools/spatial-analyst-toolbox/kriging
tools/spatial-analyst-toolbox/topo-to-raster-by-file,tools/spatial-analyst-toolbox/spline
tools/spatial-analyst-toolbox/topo-to-raster-by-file,tools/spatial-analyst-toolbox/spline-with-barriers
tools/spatial-analyst-toolbox/topo-to-raster-by-file,tools/spatial-analyst-toolbox/natural-neighbor
tools/spatial-analyst-toolbox/topo-to-raster-by-file,tools/spatial-analyst-toolbox/trend
tools/spatial-analyst-toolbox/topo-to-raster-by-file,tools/spatial-analyst-toolbox/topo-to-raster
tools/spatial-analyst-toolbox/cost-path,tools/spatial-analyst-toolbox/cost-distance
tools/spatial-analyst-toolbox/cost-path,tools/conversion-toolbox/polygon-to-raster
tools/spatial-analyst-toolbox/cost-path,tools/spatial-analyst-toolbox/cost-back-link
tools/spatial-analyst-toolbox/cost-distance,tools/conversion-toolbox/polygon-to-raster
tools/spatial-analyst-toolbox/cost-distance,tools/spatial-analyst-toolbox/cost-back-link
tools/spatial-analyst-toolbox/cost-back-link,tools/spatial-analyst-toolbox/cost-distance
tools/spatial-analyst-toolbox/cost-back-link,tools/conversion-toolbox/polygon-to-raster
tools/spatial-analyst-toolbox/cost-distance,tools/spatial-analyst-toolbox/cost-allocation
tools/spatial-analyst-toolbox/cost-allocation,tools/conversion-toolbox/polygon-to-raster
tools/spatial-analyst-toolbox/cost-allocation,tools/spatial-analyst-toolbox/cost-distance
tools/spatial-analyst-toolbox/cost-path,tools/spatial-analyst-toolbox/cost-allocation
tools/spatial-analyst-toolbox/cost-back-link,tools/spatial-analyst-toolbox/cost-allocation
tools/spatial-analyst-toolbox/cost-back-link,tools/spatial-analyst-toolbox/set-null
tools/spatial-analyst-toolbox/cost-back-link,tools/spatial-analyst-toolbox/con-
tools/spatial-analyst-toolbox/cost-path,tools/spatial-analyst-toolbox/set-null
tools/spatial-analyst-toolbox/cost-path,tools/spatial-analyst-toolbox/con-
tools/spatial-analyst-toolbox/cost-allocation,tools/spatial-analyst-toolbox/cost-back-link
tools/spatial-analyst-toolbox/cost-allocation,tools/spatial-analyst-toolbox/set-null
tools/spatial-analyst-toolbox/cost-allocation,tools/spatial-analyst-toolbox/con-
tools/spatial-analyst-toolbox/corridor,tools/spatial-analyst-toolbox/con-
tools/spatial-analyst-toolbox/corridor,tools/spatial-analyst-toolbox/cost-path
tools/spatial-analyst-toolbox/corridor,tools/spatial-analyst-toolbox/test
tools/spatial-analyst-toolbox/less-than-frequency,tools/spatial-analyst-toolbox/greater-than-frequency
tools/spatial-analyst-toolbox/greater-than-frequency,tools/spatial-analyst-toolbox/less-than-frequency
tools/spatial-analyst-toolbox/exp10,tools/spatial-analyst-toolbox/exp2
tools/spatial-analyst-toolbox/exp2,tools/spatial-analyst-toolbox/exp10
tools/spatial-analyst-toolbox/exp2,tools/spatial-analyst-toolbox/exp
tools/spatial-analyst-toolbox/exp,tools/spatial-analyst-toolbox/exp2
tools/spatial-analyst-toolbox/exp,tools/spatial-analyst-toolbox/exp10
tools/spatial-analyst-toolbox/exp10,tools/spatial-analyst-toolbox/exp
tools/spatial-analyst-toolbox/shrink,tools/spatial-analyst-toolbox/nibble
tools/spatial-analyst-toolbox/nibble,tools/spatial-analyst-toolbox/shrink
tools/spatial-analyst-toolbox/contour-with-barriers,tools/spatial-analyst-toolbox/focal-statistics
tools/spatial-analyst-toolbox/contour,tools/spatial-analyst-toolbox/focal-statistics
tools/spatial-analyst-toolbox/contour-list,tools/spatial-analyst-toolbox/focal-statistics
tools/spatial-analyst-toolbox/fuzzy-overlay,tools/spatial-analyst-toolbox/divide
tools/spatial-analyst-toolbox/equal-to-frequency,tools/spatial-analyst-toolbox/less-than-frequency
tools/spatial-analyst-toolbox/less-than-frequency,tools/spatial-analyst-toolbox/equal-to-frequency
tools/spatial-analyst-toolbox/area-solar-radiation,tools/spatial-analyst-toolbox/points-solar-radiation
tools/spatial-analyst-toolbox/area-solar-radiation,tools/spatial-analyst-toolbox/solar-radiation-graphics
tools/spatial-analyst-toolbox/points-solar-radiation,tools/spatial-analyst-toolbox/area-solar-radiation
tools/spatial-analyst-toolbox/points-solar-radiation,tools/spatial-analyst-toolbox/solar-radiation-graphics
tools/spatial-analyst-toolbox/greater-than-frequency,tools/spatial-analyst-toolbox/equal-to-frequency
tools/spatial-analyst-toolbox/equal-to-frequency,tools/spatial-analyst-toolbox/greater-than-frequency
tools/spatial-analyst-toolbox/log10,tools/spatial-analyst-toolbox/log2
tools/spatial-analyst-toolbox/log2,tools/spatial-analyst-toolbox/log10
tools/spatial-analyst-toolbox/log2,tools/spatial-analyst-toolbox/ln
tools/spatial-analyst-toolbox/ln,tools/spatial-analyst-toolbox/log2
tools/spatial-analyst-toolbox/log10,tools/spatial-analyst-toolbox/ln
tools/spatial-analyst-toolbox/ln,tools/spatial-analyst-toolbox/log10
tools/spatial-analyst-toolbox/shrink,tools/spatial-analyst-toolbox/expand
tools/spatial-analyst-toolbox/expand,tools/spatial-analyst-toolbox/shrink
tools/spatial-analyst-toolbox/viewshed,tools/spatial-analyst-toolbox/visibility
tools/spatial-analyst-toolbox/path-distance,tools/conversion-toolbox/polygon-to-raster
tools/spatial-analyst-toolbox/path-distance,tools/spatial-analyst-toolbox/aspect
tools/spatial-analyst-toolbox/square-root,tools/spatial-analyst-toolbox/square
tools/spatial-analyst-toolbox/square,tools/spatial-analyst-toolbox/square-root
tools/spatial-analyst-toolbox/nibble,tools/spatial-analyst-toolbox/expand
tools/spatial-analyst-toolbox/expand,tools/spatial-analyst-toolbox/nibble
tools/spatial-analyst-toolbox/fill,tools/spatial-analyst-toolbox/flow-direction
tools/spatial-analyst-toolbox/power,tools/spatial-analyst-toolbox/square-root
tools/spatial-analyst-toolbox/square-root,tools/spatial-analyst-toolbox/power
tools/spatial-analyst-toolbox/power,tools/spatial-analyst-toolbox/square
tools/spatial-analyst-toolbox/square,tools/spatial-analyst-toolbox/power
tools/spatial-analyst-toolbox/greater-than-frequency,tools/spatial-analyst-toolbox/create-constant-raster
tools/spatial-analyst-toolbox/equal-to-frequency,tools/spatial-analyst-toolbox/create-constant-raster
tools/spatial-analyst-toolbox/less-than-frequency,tools/spatial-analyst-toolbox/create-constant-raster
tools/spatial-analyst-toolbox/highest-position,tools/spatial-analyst-toolbox/lowest-position
tools/spatial-analyst-toolbox/lowest-position,tools/spatial-analyst-toolbox/highest-position
tools/spatial-analyst-toolbox/rank,tools/spatial-analyst-toolbox/popularity
tools/spatial-analyst-toolbox/popularity,tools/spatial-analyst-toolbox/rank
tools/spatial-analyst-toolbox/observer-points,tools/spatial-analyst-toolbox/visibility
tools/spatial-analyst-toolbox/darcy-velocity,tools/spatial-analyst-toolbox/darcy-flow
tools/spatial-analyst-toolbox/darcy-flow,tools/spatial-analyst-toolbox/darcy-velocity
